index,stock
NIFTY 50,ADANIENT.NS
NIFTY 50,ADANIPORTS.NS
NIFTY 50,APOLLOHOSP.NS
NIFTY 50,ASIANPAINT.NS
NIFTY 50,AXISBANK.NS
NIFTY 50,BAJAJ-AUTO.NS
NIFTY 50,BAJFINANCE.NS
NIFTY 50,BAJAJFINSV.NS
NIFTY 50,BEL.NS
NIFTY 50,BHARTIARTL.NS
NIFTY 50,CIPLA.NS
NIFTY 50,COALINDIA.NS
NIFTY 50,DRREDDY.NS
NIFTY 50,EICHERMOT.NS
NIFTY 50,ETERNAL.NS
NIFTY 50,GRASIM.NS
NIFTY 50,HCLTECH.NS
NIFTY 50,HDFCBANK.NS
NIFTY 50,HDFCLIFE.NS
NIFTY 50,HEROMOTOCO.NS
NIFTY 50,HINDALCO.NS
NIFTY 50,HINDUNILVR.NS
NIFTY 50,ICICIBANK.NS
NIFTY 50,ITC.NS
NIFTY 50,INDUSINDBK.NS
NIFTY 50,INFY.NS
NIFTY 50,JSWSTEEL.NS
NIFTY 50,JIOFIN.NS
NIFTY 50,KOTAKBANK.NS
NIFTY 50,LT.NS
NIFTY 50,M&M.NS
NIFTY 50,MARUTI.NS
NIFTY 50,NTPC.NS
NIFTY 50,NESTLEIND.NS
NIFTY 50,ONGC.NS
NIFTY 50,POWERGRID.NS
NIFTY 50,RELIANCE.NS
NIFTY 50,SBILIFE.NS
NIFTY 50,SHRIRAMFIN.NS
NIFTY 50,SBIN.NS
NIFTY 50,SUNPHARMA.NS
NIFTY 50,TCS.NS
NIFTY 50,TATACONSUM.NS
NIFTY 50,TATAMOTORS.NS
NIFTY 50,TATASTEEL.NS
NIFTY 50,TECHM.NS
NIFTY 50,TITAN.NS
NIFTY 50,TRENT.NS
NIFTY 50,ULTRACEMCO.NS
NIFTY 50,WIPRO.NS
NIFTY 100,ABB.NS
NIFTY 100,ADANIENSOL.NS
NIFTY 100,ADANIENT.NS
NIFTY 100,ADANIGREEN.NS
NIFTY 100,ADANIPORTS.NS
NIFTY 100,ADANIPOWER.NS
NIFTY 100,AMBUJACEM.NS
NIFTY 100,APOLLOHOSP.NS
NIFTY 100,ASIANPAINT.NS
NIFTY 100,DMART.NS
NIFTY 100,AXISBANK.NS
NIFTY 100,BAJAJ-AUTO.NS
NIFTY 100,BAJFINANCE.NS
NIFTY 100,BAJAJFINSV.NS
NIFTY 100,BAJAJHLDNG.NS
NIFTY 100,BAJAJHFL.NS
NIFTY 100,BANKBARODA.NS
NIFTY 100,BEL.NS
NIFTY 100,BPCL.NS
NIFTY 100,BHARTIARTL.NS
NIFTY 100,BOSCHLTD.NS
NIFTY 100,BRITANNIA.NS
NIFTY 100,CGPOWER.NS
NIFTY 100,CANBK.NS
NIFTY 100,CHOLAFIN.NS
NIFTY 100,CIPLA.NS
NIFTY 100,COALINDIA.NS
NIFTY 100,DLF.NS
NIFTY 100,DABUR.NS
NIFTY 100,DIVISLAB.NS
NIFTY 100,DRREDDY.NS
NIFTY 100,EICHERMOT.NS
NIFTY 100,ETERNAL.NS
NIFTY 100,GAIL.NS
NIFTY 100,GODREJCP.NS
NIFTY 100,GRASIM.NS
NIFTY 100,HCLTECH.NS
NIFTY 100,HDFCBANK.NS
NIFTY 100,HDFCLIFE.NS
NIFTY 100,HAVELLS.NS
NIFTY 100,HEROMOTOCO.NS
NIFTY 100,HINDALCO.NS
NIFTY 100,HAL.NS
NIFTY 100,HINDUNILVR.NS
NIFTY 100,HYUNDAI.NS
NIFTY 100,ICICIBANK.NS
NIFTY 100,ICICIGI.NS
NIFTY 100,ICICIPRULI.NS
NIFTY 100,ITC.NS
NIFTY 100,INDHOTEL.NS
NIFTY 100,IOC.NS
NIFTY 100,IRFC.NS
NIFTY 100,INDUSINDBK.NS
NIFTY 100,NAUKRI.NS
NIFTY 100,INFY.NS
NIFTY 100,INDIGO.NS
NIFTY 100,JSWENERGY.NS
NIFTY 100,JSWSTEEL.NS
NIFTY 100,JINDALSTEL.NS
NIFTY 100,JIOFIN.NS
NIFTY 100,KOTAKBANK.NS
NIFTY 100,LTIM.NS
NIFTY 100,LT.NS
NIFTY 100,LICI.NS
NIFTY 100,LODHA.NS
NIFTY 100,M&M.NS
NIFTY 100,MARUTI.NS
NIFTY 100,NTPC.NS
NIFTY 100,NESTLEIND.NS
NIFTY 100,ONGC.NS
NIFTY 100,PIDILITIND.NS
NIFTY 100,PFC.NS
NIFTY 100,POWERGRID.NS
NIFTY 100,PNB.NS
NIFTY 100,RECLTD.NS
NIFTY 100,RELIANCE.NS
NIFTY 100,SBILIFE.NS
NIFTY 100,MOTHERSON.NS
NIFTY 100,SHREECEM.NS
NIFTY 100,SHRIRAMFIN.NS
NIFTY 100,ENRIN.NS
NIFTY 100,SIEMENS.NS
NIFTY 100,SBIN.NS
NIFTY 100,SUNPHARMA.NS
NIFTY 100,SWIGGY.NS
NIFTY 100,TVSMOTOR.NS
NIFTY 100,TCS.NS
NIFTY 100,TATACONSUM.NS
NIFTY 100,TATAMOTORS.NS
NIFTY 100,TATAPOWER.NS
NIFTY 100,TATASTEEL.NS
NIFTY 100,TECHM.NS
NIFTY 100,TITAN.NS
NIFTY 100,TORNTPHARM.NS
NIFTY 100,TRENT.NS
NIFTY 100,ULTRACEMCO.NS
NIFTY 100,UNITDSPR.NS
NIFTY 100,VBL.NS
NIFTY 100,VEDL.NS
NIFTY 100,WIPRO.NS
NIFTY 100,ZYDUSLIFE.NS
NIFTY 500,360ONE.NS
NIFTY 500,3MINDIA.NS
NIFTY 500,ABB.NS
NIFTY 500,ACC.NS
NIFTY 500,ACMESOLAR.NS
NIFTY 500,AIAENG.NS
NIFTY 500,APLAPOLLO.NS
NIFTY 500,AUBANK.NS
NIFTY 500,AWL.NS
NIFTY 500,AADHARHFC.NS
NIFTY 500,AARTIIND.NS
NIFTY 500,AAVAS.NS
NIFTY 500,ABBOTINDIA.NS
NIFTY 500,ACE.NS
NIFTY 500,ADANIENSOL.NS
NIFTY 500,ADANIENT.NS
NIFTY 500,ADANIGREEN.NS
NIFTY 500,ADANIPORTS.NS
NIFTY 500,ADANIPOWER.NS
NIFTY 500,ATGL.NS
NIFTY 500,ABCAPITAL.NS
NIFTY 500,ABFRL.NS
NIFTY 500,ABLBL.NS
NIFTY 500,ABREL.NS
NIFTY 500,ABSLAMC.NS
NIFTY 500,AEGISLOG.NS
NIFTY 500,AFCONS.NS
NIFTY 500,AFFLE.NS
NIFTY 500,AJANTPHARM.NS
NIFTY 500,AKUMS.NS
NIFTY 500,APLLTD.NS
NIFTY 500,ALIVUS.NS
NIFTY 500,ALKEM.NS
NIFTY 500,ALKYLAMINE.NS
NIFTY 500,ALOKINDS.NS
NIFTY 500,ARE&M.NS
NIFTY 500,AMBER.NS
NIFTY 500,AMBUJACEM.NS
NIFTY 500,ANANDRATHI.NS
NIFTY 500,ANANTRAJ.NS
NIFTY 500,ANGELONE.NS
NIFTY 500,APARINDS.NS
NIFTY 500,APOLLOHOSP.NS
NIFTY 500,APOLLOTYRE.NS
NIFTY 500,APTUS.NS
NIFTY 500,ASAHIINDIA.NS
NIFTY 500,ASHOKLEY.NS
NIFTY 500,ASIANPAINT.NS
NIFTY 500,ASTERDM.NS
NIFTY 500,ASTRAZEN.NS
NIFTY 500,ASTRAL.NS
NIFTY 500,ATUL.NS
NIFTY 500,AUROPHARMA.NS
NIFTY 500,AIIL.NS
NIFTY 500,DMART.NS
NIFTY 500,AXISBANK.NS
NIFTY 500,BASF.NS
NIFTY 500,BEML.NS
NIFTY 500,BLS.NS
NIFTY 500,BSE.NS
NIFTY 500,BAJAJ-AUTO.NS
NIFTY 500,BAJFINANCE.NS
NIFTY 500,BAJAJFINSV.NS
NIFTY 500,BAJAJHLDNG.NS
NIFTY 500,BAJAJHFL.NS
NIFTY 500,BALKRISIND.NS
NIFTY 500,BALRAMCHIN.NS
NIFTY 500,BANDHANBNK.NS
NIFTY 500,BANKBARODA.NS
NIFTY 500,BANKINDIA.NS
NIFTY 500,MAHABANK.NS
NIFTY 500,BATAINDIA.NS
NIFTY 500,BAYERCROP.NS
NIFTY 500,BERGEPAINT.NS
NIFTY 500,BDL.NS
NIFTY 500,BEL.NS
NIFTY 500,BHARATFORG.NS
NIFTY 500,BHEL.NS
NIFTY 500,BPCL.NS
NIFTY 500,BHARTIARTL.NS
NIFTY 500,BHARTIHEXA.NS
NIFTY 500,BIKAJI.NS
NIFTY 500,BIOCON.NS
NIFTY 500,BSOFT.NS
NIFTY 500,BLUEDART.NS
NIFTY 500,BLUESTARCO.NS
NIFTY 500,BBTC.NS
NIFTY 500,BOSCHLTD.NS
NIFTY 500,FIRSTCRY.NS
NIFTY 500,BRIGADE.NS
NIFTY 500,BRITANNIA.NS
NIFTY 500,MAPMYINDIA.NS
NIFTY 500,CCL.NS
NIFTY 500,CESC.NS
NIFTY 500,CGPOWER.NS
NIFTY 500,CRISIL.NS
NIFTY 500,CAMPUS.NS
NIFTY 500,CANFINHOME.NS
NIFTY 500,CANBK.NS
NIFTY 500,CAPLIPOINT.NS
NIFTY 500,CGCL.NS
NIFTY 500,CARBORUNIV.NS
NIFTY 500,CASTROLIND.NS
NIFTY 500,CEATLTD.NS
NIFTY 500,CENTRALBK.NS
NIFTY 500,CDSL.NS
NIFTY 500,CENTURYPLY.NS
NIFTY 500,CERA.NS
NIFTY 500,CHALET.NS
NIFTY 500,CHAMBLFERT.NS
NIFTY 500,CHENNPETRO.NS
NIFTY 500,CHOLAHLDNG.NS
NIFTY 500,CHOLAFIN.NS
NIFTY 500,CIPLA.NS
NIFTY 500,CUB.NS
NIFTY 500,CLEAN.NS
NIFTY 500,COALINDIA.NS
NIFTY 500,COCHINSHIP.NS
NIFTY 500,COFORGE.NS
NIFTY 500,COHANCE.NS
NIFTY 500,COLPAL.NS
NIFTY 500,CAMS.NS
NIFTY 500,CONCORDBIO.NS
NIFTY 500,CONCOR.NS
NIFTY 500,COROMANDEL.NS
NIFTY 500,CRAFTSMAN.NS
NIFTY 500,CREDITACC.NS
NIFTY 500,CROMPTON.NS
NIFTY 500,CUMMINSIND.NS
NIFTY 500,CYIENT.NS
NIFTY 500,DCMSHRIRAM.NS
NIFTY 500,DLF.NS
NIFTY 500,DOMS.NS
NIFTY 500,DABUR.NS
NIFTY 500,DALBHARAT.NS
NIFTY 500,DATAPATTNS.NS
NIFTY 500,DEEPAKFERT.NS
NIFTY 500,DEEPAKNTR.NS
NIFTY 500,DELHIVERY.NS
NIFTY 500,DEVYANI.NS
NIFTY 500,DIVISLAB.NS
NIFTY 500,DIXON.NS
NIFTY 500,LALPATHLAB.NS
NIFTY 500,DRREDDY.NS
NIFTY 500,DUMMYRAYMN.NS
NIFTY 500,EIDPARRY.NS
NIFTY 500,EIHOTEL.NS
NIFTY 500,EICHERMOT.NS
NIFTY 500,ELECON.NS
NIFTY 500,ELGIEQUIP.NS
NIFTY 500,EMAMILTD.NS
NIFTY 500,EMCURE.NS
NIFTY 500,ENDURANCE.NS
NIFTY 500,ENGINERSIN.NS
NIFTY 500,ERIS.NS
NIFTY 500,ESCORTS.NS
NIFTY 500,ETERNAL.NS
NIFTY 500,EXIDEIND.NS
NIFTY 500,NYKAA.NS
NIFTY 500,FEDERALBNK.NS
NIFTY 500,FACT.NS
NIFTY 500,FINCABLES.NS
NIFTY 500,FINPIPE.NS
NIFTY 500,FSL.NS
NIFTY 500,FIVESTAR.NS
NIFTY 500,FORTIS.NS
NIFTY 500,GAIL.NS
NIFTY 500,GVT&D.NS
NIFTY 500,GMRAIRPORT.NS
NIFTY 500,GRSE.NS
NIFTY 500,GICRE.NS
NIFTY 500,GILLETTE.NS
NIFTY 500,GLAND.NS
NIFTY 500,GLAXO.NS
NIFTY 500,GLENMARK.NS
NIFTY 500,MEDANTA.NS
NIFTY 500,GODIGIT.NS
NIFTY 500,GPIL.NS
NIFTY 500,GODFRYPHLP.NS
NIFTY 500,GODREJAGRO.NS
NIFTY 500,GODREJCP.NS
NIFTY 500,GODREJIND.NS
NIFTY 500,GODREJPROP.NS
NIFTY 500,GRANULES.NS
NIFTY 500,GRAPHITE.NS
NIFTY 500,GRASIM.NS
NIFTY 500,GRAVITA.NS
NIFTY 500,GESHIP.NS
NIFTY 500,FLUOROCHEM.NS
NIFTY 500,GUJGASLTD.NS
NIFTY 500,GMDCLTD.NS
NIFTY 500,GNFC.NS
NIFTY 500,GPPL.NS
NIFTY 500,GSPL.NS
NIFTY 500,HEG.NS
NIFTY 500,HBLENGINE.NS
NIFTY 500,HCLTECH.NS
NIFTY 500,HDFCAMC.NS
NIFTY 500,HDFCBANK.NS
NIFTY 500,HDFCLIFE.NS
NIFTY 500,HFCL.NS
NIFTY 500,HAPPSTMNDS.NS
NIFTY 500,HAVELLS.NS
NIFTY 500,HEROMOTOCO.NS
NIFTY 500,HSCL.NS
NIFTY 500,HINDALCO.NS
NIFTY 500,HAL.NS
NIFTY 500,HINDCOPPER.NS
NIFTY 500,HINDPETRO.NS
NIFTY 500,HINDUNILVR.NS
NIFTY 500,HINDZINC.NS
NIFTY 500,POWERINDIA.NS
NIFTY 500,HOMEFIRST.NS
NIFTY 500,HONASA.NS
NIFTY 500,HONAUT.NS
NIFTY 500,HUDCO.NS
NIFTY 500,HYUNDAI.NS
NIFTY 500,ICICIBANK.NS
NIFTY 500,ICICIGI.NS
NIFTY 500,ICICIPRULI.NS
NIFTY 500,IDBI.NS
NIFTY 500,IDFCFIRSTB.NS
NIFTY 500,IFCI.NS
NIFTY 500,IIFL.NS
NIFTY 500,INOXINDIA.NS
NIFTY 500,IRB.NS
NIFTY 500,IRCON.NS
NIFTY 500,ITC.NS
NIFTY 500,ITI.NS
NIFTY 500,INDGN.NS
NIFTY 500,INDIACEM.NS
NIFTY 500,INDIAMART.NS
NIFTY 500,INDIANB.NS
NIFTY 500,IEX.NS
NIFTY 500,INDHOTEL.NS
NIFTY 500,IOC.NS
NIFTY 500,IOB.NS
NIFTY 500,IRCTC.NS
NIFTY 500,IRFC.NS
NIFTY 500,IREDA.NS
NIFTY 500,IGL.NS
NIFTY 500,INDUSTOWER.NS
NIFTY 500,INDUSINDBK.NS
NIFTY 500,NAUKRI.NS
NIFTY 500,INFY.NS
NIFTY 500,INOXWIND.NS
NIFTY 500,INTELLECT.NS
NIFTY 500,INDIGO.NS
NIFTY 500,IGIL.NS
NIFTY 500,IKS.NS
NIFTY 500,IPCALAB.NS
NIFTY 500,JBCHEPHARM.NS
NIFTY 500,JKCEMENT.NS
NIFTY 500,JBMA.NS
NIFTY 500,JKTYRE.NS
NIFTY 500,JMFINANCIL.NS
NIFTY 500,JSWENERGY.NS
NIFTY 500,JSWHL.NS
NIFTY 500,JSWINFRA.NS
NIFTY 500,JSWSTEEL.NS
NIFTY 500,JPPOWER.NS
NIFTY 500,J&KBANK.NS
NIFTY 500,JINDALSAW.NS
NIFTY 500,JSL.NS
NIFTY 500,JINDALSTEL.NS
NIFTY 500,JIOFIN.NS
NIFTY 500,JUBLFOOD.NS
NIFTY 500,JUBLINGREA.NS
NIFTY 500,JUBLPHARMA.NS
NIFTY 500,JWL.NS
NIFTY 500,JUSTDIAL.NS
NIFTY 500,JYOTHYLAB.NS
NIFTY 500,JYOTICNC.NS
NIFTY 500,KPRMILL.NS
NIFTY 500,KEI.NS
NIFTY 500,KNRCON.NS
NIFTY 500,KPITTECH.NS
NIFTY 500,KAJARIACER.NS
NIFTY 500,KPIL.NS
NIFTY 500,KALYANKJIL.NS
NIFTY 500,KANSAINER.NS
NIFTY 500,KARURVYSYA.NS
NIFTY 500,KAYNES.NS
NIFTY 500,KEC.NS
NIFTY 500,KFINTECH.NS
NIFTY 500,KIRLOSBROS.NS
NIFTY 500,KIRLOSENG.NS
NIFTY 500,KOTAKBANK.NS
NIFTY 500,KIMS.NS
NIFTY 500,LTF.NS
NIFTY 500,LTTS.NS
NIFTY 500,LICHSGFIN.NS
NIFTY 500,LTFOODS.NS
NIFTY 500,LTIM.NS
NIFTY 500,LT.NS
NIFTY 500,LATENTVIEW.NS
NIFTY 500,LAURUSLABS.NS
NIFTY 500,LEMONTREE.NS
NIFTY 500,LICI.NS
NIFTY 500,LINDEINDIA.NS
NIFTY 500,LLOYDSME.NS
NIFTY 500,LUPIN.NS
NIFTY 500,MMTC.NS
NIFTY 500,MRF.NS
NIFTY 500,LODHA.NS
NIFTY 500,MGL.NS
NIFTY 500,MAHSEAMLES.NS
NIFTY 500,M&MFIN.NS
NIFTY 500,M&M.NS
NIFTY 500,MANAPPURAM.NS
NIFTY 500,MRPL.NS
NIFTY 500,MANKIND.NS
NIFTY 500,MARICO.NS
NIFTY 500,MARUTI.NS
NIFTY 500,MASTEK.NS
NIFTY 500,MFSL.NS
NIFTY 500,MAXHEALTH.NS
NIFTY 500,MAZDOCK.NS
NIFTY 500,METROPOLIS.NS
NIFTY 500,MINDACORP.NS
NIFTY 500,MSUMI.NS
NIFTY 500,MOTILALOFS.NS
NIFTY 500,MPHASIS.NS
NIFTY 500,MCX.NS
NIFTY 500,MUTHOOTFIN.NS
NIFTY 500,NATCOPHARM.NS
NIFTY 500,NBCC.NS
NIFTY 500,NCC.NS
NIFTY 500,NHPC.NS
NIFTY 500,NLCINDIA.NS
NIFTY 500,NMDC.NS
NIFTY 500,NSLNISP.NS
NIFTY 500,NTPCGREEN.NS
NIFTY 500,NTPC.NS
NIFTY 500,NH.NS
NIFTY 500,NATIONALUM.NS
NIFTY 500,NAVA.NS
NIFTY 500,NAVINFLUOR.NS
NIFTY 500,NESTLEIND.NS
NIFTY 500,NETWEB.NS
NIFTY 500,NETWORK18.NS
NIFTY 500,NEULANDLAB.NS
NIFTY 500,NEWGEN.NS
NIFTY 500,NAM-INDIA.NS
NIFTY 500,NIVABUPA.NS
NIFTY 500,NUVAMA.NS
NIFTY 500,OBEROIRLTY.NS
NIFTY 500,ONGC.NS
NIFTY 500,OIL.NS
NIFTY 500,OLAELEC.NS
NIFTY 500,OLECTRA.NS
NIFTY 500,PAYTM.NS
NIFTY 500,OFSS.NS
NIFTY 500,POLICYBZR.NS
NIFTY 500,PCBL.NS
NIFTY 500,PGEL.NS
NIFTY 500,PIIND.NS
NIFTY 500,PNBHOUSING.NS
NIFTY 500,PNCINFRA.NS
NIFTY 500,PTCIL.NS
NIFTY 500,PVRINOX.NS
NIFTY 500,PAGEIND.NS
NIFTY 500,PATANJALI.NS
NIFTY 500,PERSISTENT.NS
NIFTY 500,PETRONET.NS
NIFTY 500,PFIZER.NS
NIFTY 500,PHOENIXLTD.NS
NIFTY 500,PIDILITIND.NS
NIFTY 500,PEL.NS
NIFTY 500,PPLPHARMA.NS
NIFTY 500,POLYMED.NS
NIFTY 500,POLYCAB.NS
NIFTY 500,POONAWALLA.NS
NIFTY 500,PFC.NS
NIFTY 500,POWERGRID.NS
NIFTY 500,PRAJIND.NS
NIFTY 500,PREMIERENE.NS
NIFTY 500,PRESTIGE.NS
NIFTY 500,PNB.NS
NIFTY 500,RRKABEL.NS
NIFTY 500,RBLBANK.NS
NIFTY 500,RECLTD.NS
NIFTY 500,RHIM.NS
NIFTY 500,RITES.NS
NIFTY 500,RADICO.NS
NIFTY 500,RVNL.NS
NIFTY 500,RAILTEL.NS
NIFTY 500,RAINBOW.NS
NIFTY 500,RKFORGE.NS
NIFTY 500,RCF.NS
NIFTY 500,RTNINDIA.NS
NIFTY 500,RAYMONDLSL.NS
NIFTY 500,RAYMOND.NS
NIFTY 500,REDINGTON.NS
NIFTY 500,RELIANCE.NS
NIFTY 500,RPOWER.NS
NIFTY 500,ROUTE.NS
NIFTY 500,SBFC.NS
NIFTY 500,SBICARD.NS
NIFTY 500,SBILIFE.NS
NIFTY 500,SJVN.NS
NIFTY 500,SKFINDIA.NS
NIFTY 500,SRF.NS
NIFTY 500,SAGILITY.NS
NIFTY 500,SAILIFE.NS
NIFTY 500,SAMMAANCAP.NS
NIFTY 500,MOTHERSON.NS
NIFTY 500,SAPPHIRE.NS
NIFTY 500,SARDAEN.NS
NIFTY 500,SAREGAMA.NS
NIFTY 500,SCHAEFFLER.NS
NIFTY 500,SCHNEIDER.NS
NIFTY 500,SCI.NS
NIFTY 500,SHREECEM.NS
NIFTY 500,RENUKA.NS
NIFTY 500,SHRIRAMFIN.NS
NIFTY 500,SHYAMMETL.NS
NIFTY 500,ENRIN.NS
NIFTY 500,SIEMENS.NS
NIFTY 500,SIGNATURE.NS
NIFTY 500,SOBHA.NS
NIFTY 500,SOLARINDS.NS
NIFTY 500,SONACOMS.NS
NIFTY 500,SONATSOFTW.NS
NIFTY 500,STARHEALTH.NS
NIFTY 500,SBIN.NS
NIFTY 500,SAIL.NS
NIFTY 500,SWSOLAR.NS
NIFTY 500,SUMICHEM.NS
NIFTY 500,SUNPHARMA.NS
NIFTY 500,SUNTV.NS
NIFTY 500,SUNDARMFIN.NS
NIFTY 500,SUNDRMFAST.NS
NIFTY 500,SUPREMEIND.NS
NIFTY 500,SUZLON.NS
NIFTY 500,SWANENERGY.NS
NIFTY 500,SWIGGY.NS
NIFTY 500,SYNGENE.NS
NIFTY 500,SYRMA.NS
NIFTY 500,TBOTEK.NS
NIFTY 500,TVSMOTOR.NS
NIFTY 500,TANLA.NS
NIFTY 500,TATACHEM.NS
NIFTY 500,TATACOMM.NS
NIFTY 500,TCS.NS
NIFTY 500,TATACONSUM.NS
NIFTY 500,TATAELXSI.NS
NIFTY 500,TATAINVEST.NS
NIFTY 500,TATAMOTORS.NS
NIFTY 500,TATAPOWER.NS
NIFTY 500,TATASTEEL.NS
NIFTY 500,TATATECH.NS
NIFTY 500,TTML.NS
NIFTY 500,TECHM.NS
NIFTY 500,TECHNOE.NS
NIFTY 500,TEJASNET.NS
NIFTY 500,NIACL.NS
NIFTY 500,RAMCOCEM.NS
NIFTY 500,THERMAX.NS
NIFTY 500,TIMKEN.NS
NIFTY 500,TITAGARH.NS
NIFTY 500,TITAN.NS
NIFTY 500,TORNTPHARM.NS
NIFTY 500,TORNTPOWER.NS
NIFTY 500,TARIL.NS
NIFTY 500,TRENT.NS
NIFTY 500,TRIDENT.NS
NIFTY 500,TRIVENI.NS
NIFTY 500,TRITURBINE.NS
NIFTY 500,TIINDIA.NS
NIFTY 500,UCOBANK.NS
NIFTY 500,UNOMINDA.NS
NIFTY 500,UPL.NS
NIFTY 500,UTIAMC.NS
NIFTY 500,ULTRACEMCO.NS
NIFTY 500,UNIONBANK.NS
NIFTY 500,UBL.NS
NIFTY 500,UNITDSPR.NS
NIFTY 500,USHAMART.NS
NIFTY 500,VGUARD.NS
NIFTY 500,DBREALTY.NS
NIFTY 500,VTL.NS
NIFTY 500,VBL.NS
NIFTY 500,MANYAVAR.NS
NIFTY 500,VEDL.NS
NIFTY 500,VIJAYA.NS
NIFTY 500,VMM.NS
NIFTY 500,IDEA.NS
NIFTY 500,VOLTAS.NS
NIFTY 500,WAAREEENER.NS
NIFTY 500,WELCORP.NS
NIFTY 500,WELSPUNLIV.NS
NIFTY 500,WESTLIFE.NS
NIFTY 500,WHIRLPOOL.NS
NIFTY 500,WIPRO.NS
NIFTY 500,WOCKPHARMA.NS
NIFTY 500,YESBANK.NS
NIFTY 500,ZFCVINDIA.NS
NIFTY 500,ZEEL.NS
NIFTY 500,ZENTEC.NS
NIFTY 500,ZENSARTECH.NS
NIFTY 500,ZYDUSLIFE.NS
NIFTY 500,ECLERX.NS
NIFTY AUTO,ASHOKLEY.NS
NIFTY AUTO,BAJAJ-AUTO.NS
NIFTY AUTO,BALKRISIND.NS
NIFTY AUTO,BHARATFORG.NS
NIFTY AUTO,BOSCHLTD.NS
NIFTY AUTO,EICHERMOT.NS
NIFTY AUTO,EXIDEIND.NS
NIFTY AUTO,HEROMOTOCO.NS
NIFTY AUTO,MRF.NS
NIFTY AUTO,M&M.NS
NIFTY AUTO,MARUTI.NS
NIFTY AUTO,MOTHERSON.NS
NIFTY AUTO,TVSMOTOR.NS
NIFTY AUTO,TATAMOTORS.NS
NIFTY AUTO,TIINDIA.NS
NIFTY BANK,AUBANK.NS
NIFTY BANK,AXISBANK.NS
NIFTY BANK,BANKBARODA.NS
NIFTY BANK,CANBK.NS
NIFTY BANK,FEDERALBNK.NS
NIFTY BANK,HDFCBANK.NS
NIFTY BANK,ICICIBANK.NS
NIFTY BANK,IDFCFIRSTB.NS
NIFTY BANK,INDUSINDBK.NS
NIFTY BANK,KOTAKBANK.NS
NIFTY BANK,PNB.NS
NIFTY BANK,SBIN.NS
NIFTY FINANCIAL SERVICES,AXISBANK.NS
NIFTY FINANCIAL SERVICES,BAJFINANCE.NS
NIFTY FINANCIAL SERVICES,BAJAJFINSV.NS
NIFTY FINANCIAL SERVICES,CHOLAFIN.NS
NIFTY FINANCIAL SERVICES,HDFCAMC.NS
NIFTY FINANCIAL SERVICES,HDFCBANK.NS
NIFTY FINANCIAL SERVICES,HDFCLIFE.NS
NIFTY FINANCIAL SERVICES,ICICIBANK.NS
NIFTY FINANCIAL SERVICES,ICICIGI.NS
NIFTY FINANCIAL SERVICES,ICICIPRULI.NS
NIFTY FINANCIAL SERVICES,JIOFIN.NS
NIFTY FINANCIAL SERVICES,KOTAKBANK.NS
NIFTY FINANCIAL SERVICES,LICHSGFIN.NS
NIFTY FINANCIAL SERVICES,MUTHOOTFIN.NS
NIFTY FINANCIAL SERVICES,PFC.NS
NIFTY FINANCIAL SERVICES,RECLTD.NS
NIFTY FINANCIAL SERVICES,SBICARD.NS
NIFTY FINANCIAL SERVICES,SBILIFE.NS
NIFTY FINANCIAL SERVICES,SHRIRAMFIN.NS
NIFTY FINANCIAL SERVICES,SBIN.NS
NIFTY HEALTHCARE,ABBOTINDIA.NS
NIFTY HEALTHCARE,ALKEM.NS
NIFTY HEALTHCARE,APOLLOHOSP.NS
NIFTY HEALTHCARE,AUROPHARMA.NS
NIFTY HEALTHCARE,BIOCON.NS
NIFTY HEALTHCARE,CIPLA.NS
NIFTY HEALTHCARE,DIVISLAB.NS
NIFTY HEALTHCARE,DRREDDY.NS
NIFTY HEALTHCARE,FORTIS.NS
NIFTY HEALTHCARE,GLENMARK.NS
NIFTY HEALTHCARE,GRANULES.NS
NIFTY HEALTHCARE,IPCALAB.NS
NIFTY HEALTHCARE,LAURUSLABS.NS
NIFTY HEALTHCARE,LUPIN.NS
NIFTY HEALTHCARE,MANKIND.NS
NIFTY HEALTHCARE,MAXHEALTH.NS
NIFTY HEALTHCARE,SUNPHARMA.NS
NIFTY HEALTHCARE,SYNGENE.NS
NIFTY HEALTHCARE,TORNTPHARM.NS
NIFTY HEALTHCARE,ZYDUSLIFE.NS
NIFTY PHARMA,ABBOTINDIA.NS
NIFTY PHARMA,AJANTPHARM.NS
NIFTY PHARMA,ALKEM.NS
NIFTY PHARMA,AUROPHARMA.NS
NIFTY PHARMA,BIOCON.NS
NIFTY PHARMA,CIPLA.NS
NIFTY PHARMA,DIVISLAB.NS
NIFTY PHARMA,DRREDDY.NS
NIFTY PHARMA,GLAND.NS
NIFTY PHARMA,GLENMARK.NS
NIFTY PHARMA,GRANULES.NS
NIFTY PHARMA,IPCALAB.NS
NIFTY PHARMA,JBCHEPHARM.NS
NIFTY PHARMA,LAURUSLABS.NS
NIFTY PHARMA,LUPIN.NS
NIFTY PHARMA,MANKIND.NS
NIFTY PHARMA,NATCOPHARM.NS
NIFTY PHARMA,SUNPHARMA.NS
NIFTY PHARMA,TORNTPHARM.NS
NIFTY PHARMA,ZYDUSLIFE.NS
NIFTY IT,COFORGE.NS
NIFTY IT,HCLTECH.NS
NIFTY IT,INFY.NS
NIFTY IT,LTIM.NS
NIFTY IT,MPHASIS.NS
NIFTY IT,OFSS.NS
NIFTY IT,PERSISTENT.NS
NIFTY IT,TCS.NS
NIFTY IT,TECHM.NS
NIFTY IT,WIPRO.NS
NIFTY OIL & GAS,ATGL.NS
NIFTY OIL & GAS,AEGISLOG.NS
NIFTY OIL & GAS,BPCL.NS
NIFTY OIL & GAS,CASTROLIND.NS
NIFTY OIL & GAS,GAIL.NS
NIFTY OIL & GAS,GUJGASLTD.NS
NIFTY OIL & GAS,GSPL.NS
NIFTY OIL & GAS,HINDPETRO.NS
NIFTY OIL & GAS,IOC.NS
NIFTY OIL & GAS,IGL.NS
NIFTY OIL & GAS,MGL.NS
NIFTY OIL & GAS,ONGC.NS
NIFTY OIL & GAS,OIL.NS
NIFTY OIL & GAS,PETRONET.NS
NIFTY OIL & GAS,RELIANCE.NS
